{"metadata":{"asset_id":"9308a567-c326-4671-8c41-68dcb95922dc","asset_attributes":["data_asset"],"name":"challengers.csv","asset_type":"data_asset","created_at":"2021-12-11T10:48:31Z","description":"","origin_country":"us","owner_id":"IBMid-663002VU89","project_id":"fd7cc370-4624-4fff-aa8b-3324989306b7","size":388,"tags":[],"usage":{"last_update_time":1639219713130,"last_updated_at":"2021-12-11T10:48:33Z"}},"entity":{"data_asset":{"mime_type":"text/csv","dataset":false}},"attachments":[{"id":"a0c416aa-a233-47ea-9b76-fa6fbb4d5ba4","version":2,"asset_type":"data_asset","name":"challengers.csv","mime":"text/csv","datasource_type":"193a97c1-4475-4a19-b90c-295c4fdc6517","object_key":"challengers.csv","creator_id":"IBMid-663002VU89","create_time":1639219713130,"size":388,"is_remote":false,"is_managed":false,"is_referenced":true,"is_object_key_read_only":true,"is_user_provided_path_key":true,"transfer_complete":true,"is_partitioned":false,"complete_time_ticks":1639219713130,"user_data":{},"test_doc":0,"handle":{"bucket":"assignment2riskanalysisofspaceshu-donotdelete-pr-iito1cc8kpgerw","location":"us-geo","key":"challengers.csv","upload_id":"done","max_part_num":1},"usage":{"access_count":0,"last_accessor_id":"IBMid-663002VU89","last_access_time":1639219713130}}]}
