{"metadata":{"asset_id":"7ba1578f-e75f-4881-ad08-981a24a221fa","asset_attributes":["data_flow"],"name":"challengers.csv_flow","asset_type":"data_flow","created_at":"2021-12-11T11:02:41Z","description":"","origin_country":"us","owner_id":"IBMid-663002VU89","project_id":"fd7cc370-4624-4fff-aa8b-3324989306b7","size":0,"tags":[],"usage":{"last_update_time":1639220564855,"last_updated_at":"2021-12-11T11:02:44Z"}},"entity":{"data_flow":{"pipeline":{"version":"1.0","doc_type":"pipeline","app_data":{"shaperCreated":true,"replace_space_by_dot":true},"primary_pipeline":"pipeline1","pipelines":[{"id":"pipeline1","nodes":[{"output":{"id":"source1output"},"data_asset":{"ref":"9308a567-c326-4671-8c41-68dcb95922dc","app_data":{"dataset_name":"challengers.csv"},"properties":{"first_line_header":"true","encoding":"UTF-8","invalid_data_handling":"fail","file_format":"csv"}},"id":"source1","type":"binding"},{"id":"24c0ebf1-347a-454f-8f8b-3bab920dd0b8","type":"execution_node","op":"com.ibm.wdp.transformer.FreeformCode","app_data":{"uiParams":{"key":"mutate","code":"mutate(`o_ring_ct` = as.integer(`o_ring_ct`),`o_ring_failures` = as.integer(`o_ring_failures`),`temperature` = as.integer(`temperature`),`pressure` = as.integer(`pressure`),`launch_id` = as.integer(`launch_id`))","args":{"type":"mutate","conditions":[],"auto":true,"autoConditions":[{"column":"o_ring_ct","type":"as.integer","newColumnName":"","format":"","actualType":"character","removeColumn":false},{"column":"o_ring_failures","type":"as.integer","newColumnName":"","format":"","actualType":"character","removeColumn":false},{"column":"temperature","type":"as.integer","newColumnName":"","format":"","actualType":"character","removeColumn":false},{"column":"pressure","type":"as.integer","newColumnName":"","format":"","actualType":"character","removeColumn":false},{"column":"launch_id","type":"as.integer","newColumnName":"","format":"","actualType":"character","removeColumn":false}],"version":6},"automatic":true}},"parameters":{"FREEFORM_CODE":"mutate(`o_ring_ct` = as.integer(`o_ring_ct`),`o_ring_failures` = as.integer(`o_ring_failures`),`temperature` = as.integer(`temperature`),`pressure` = as.integer(`pressure`),`launch_id` = as.integer(`launch_id`))"},"inputs":[{"id":"inputPort1","links":[{"node_id_ref":"source1","port_id_ref":"source1output"}]}],"outputs":[{"id":"outputPort1"}]},{"input":{"link":{"node_id_ref":"24c0ebf1-347a-454f-8f8b-3bab920dd0b8","port_id_ref":"outputPort1"},"id":"targetInput1"},"data_asset":{"project_ref":"fd7cc370-4624-4fff-aa8b-3324989306b7","app_data":{"targetType":"dataAsset","project_name":"Assignment 2: Risk Analysis of Space Shuttle, Multiple Linear Regression Analysis"},"properties":{"mode":"overwrite","name":"challengers_csv_shaped","first_line_header":true,"file_format":"csv"}},"id":"target1","type":"binding"}],"runtime":"Spark"}],"id":"f4e6c064-6864-40b2-9100-bd00ca536a8f"},"_entity_only":true}}}
