{"metadata":{"asset_id":"9d1c6ce9-1b17-4143-b195-1d244c30d3d7","asset_attributes":["data_flow"],"name":"insurance_.csv_flow","asset_type":"data_flow","created_at":"2021-12-11T11:18:55Z","description":"","origin_country":"us","owner_id":"IBMid-663002VU89","project_id":"89d8ad4a-2a34-464f-8370-728d368ed400","size":0,"tags":[],"usage":{"last_update_time":1639222052522,"last_updated_at":"2021-12-11T11:27:32Z"}},"entity":{"data_flow":{"pipeline":{"version":"1.0","doc_type":"pipeline","app_data":{"shaperCreated":true,"replace_space_by_dot":true},"primary_pipeline":"pipeline1","pipelines":[{"id":"pipeline1","nodes":[{"output":{"id":"source1output"},"data_asset":{"ref":"e05dbb96-f574-447e-920d-6382db146109","app_data":{"dataset_name":"insurance_.csv"},"properties":{"first_line_header":"true","encoding":"UTF-8","invalid_data_handling":"fail","file_format":"csv"}},"id":"source1","type":"binding"},{"op":"com.ibm.wdp.transformer.FreeformCode","id":"6893c265-fa18-4c4a-bf97-e37d7c9f2a47","type":"execution_node","app_data":{"uiParams":{"key":"mutate","code":"mutate(`age` = as.integer(`age`),`bmi` = as.double(`bmi`),`children` = as.integer(`children`),`premium` = as.double(`premium`))","args":{"type":"mutate","conditions":[],"auto":true,"autoConditions":[{"column":"age","type":"as.integer","newColumnName":"","format":"","actualType":"character","removeColumn":false},{"column":"bmi","type":"as.double","newColumnName":"","format":"","actualType":"character","removeColumn":false},{"column":"children","type":"as.integer","newColumnName":"","format":"","actualType":"character","removeColumn":false},{"column":"premium","type":"as.double","newColumnName":"","format":"","actualType":"character","removeColumn":false}],"version":6}}},"parameters":{"FREEFORM_CODE":"mutate(`age` = as.integer(`age`),`bmi` = as.double(`bmi`),`children` = as.integer(`children`),`premium` = as.double(`premium`))"},"inputs":[{"id":"inputPort1","links":[{"node_id_ref":"source1","port_id_ref":"source1output"}]}],"outputs":[{"id":"outputPort1"}]},{"input":{"link":{"node_id_ref":"6893c265-fa18-4c4a-bf97-e37d7c9f2a47","port_id_ref":"outputPort1"},"id":"targetInput1"},"data_asset":{"project_ref":"89d8ad4a-2a34-464f-8370-728d368ed400","app_data":{"targetType":"dataAsset","project_name":"Assignment 4: Medical Premium Charges"},"properties":{"mode":"overwrite","name":"insurance__csv_shaped","first_line_header":true,"file_format":"csv"}},"id":"target1","type":"binding"}],"runtime":"Spark"}],"id":"08203377-ea33-498f-a040-b9e66b0b0654"},"_entity_only":true}}}
