{"metadata":{"asset_id":"e05dbb96-f574-447e-920d-6382db146109","asset_attributes":["data_asset"],"name":"insurance_.csv","asset_type":"data_asset","created_at":"2021-12-11T11:08:06Z","description":"","origin_country":"us","owner_id":"IBMid-663002VU89","project_id":"89d8ad4a-2a34-464f-8370-728d368ed400","size":55628,"tags":[],"usage":{"last_update_time":1639220888119,"last_updated_at":"2021-12-11T11:08:08Z"}},"entity":{"data_asset":{"mime_type":"text/csv","dataset":false}},"attachments":[{"id":"86d9d157-60c2-4767-b8b3-99c9466076e0","version":2,"asset_type":"data_asset","name":"insurance_.csv","mime":"text/csv","datasource_type":"193a97c1-4475-4a19-b90c-295c4fdc6517","object_key":"insurance_.csv","creator_id":"IBMid-663002VU89","create_time":1639220888118,"size":55628,"is_remote":false,"is_managed":false,"is_referenced":true,"is_object_key_read_only":true,"is_user_provided_path_key":true,"transfer_complete":true,"is_partitioned":false,"complete_time_ticks":1639220888118,"user_data":{},"test_doc":0,"handle":{"bucket":"assignment4medicalpremiumcharges-donotdelete-pr-wkmnxwcjjpoha5","location":"us-geo","key":"insurance_.csv","upload_id":"done","max_part_num":1},"usage":{"access_count":0,"last_accessor_id":"IBMid-663002VU89","last_access_time":1639220888118}}]}
