{"metadata":{"asset_id":"3d58469b-a193-439b-b9a0-cdf757219ff5","asset_attributes":["data_flow"],"name":"bank.csv_flow","asset_type":"data_flow","created_at":"2021-12-10T05:24:37Z","description":"","origin_country":"us","owner_id":"IBMid-663002VU89","project_id":"6633eaf2-10f3-4557-ae14-28bda470261c","size":0,"tags":[],"usage":{"last_update_time":1639113877490,"last_updated_at":"2021-12-10T05:24:37Z"}},"entity":{"data_flow":{"pipeline":{"primary_pipeline":"pipeline1","pipelines":[{"nodes":[{"output":{"id":"source1output"},"data_asset":{"ref":"d0138e55-bad3-4840-9096-aa5ba006fb11","app_data":{"dataset_name":"bank.csv"},"properties":{"first_line_header":"true","encoding":"UTF-8","invalid_data_handling":"fail","file_format":"csv"}},"id":"source1","type":"binding"},{"input":{"link":{"node_id_ref":"source1","port_id_ref":"source1output"},"id":"targetInput1"},"data_asset":{"project_ref":"6633eaf2-10f3-4557-ae14-28bda470261c","app_data":{"targetType":"dataAsset","project_name":"Assignment 3: Classification of term deposit buyers for retail banking"},"properties":{"mode":"overwrite","name":"bank_csv_shaped","first_line_header":true,"file_format":"csv"}},"id":"target1","type":"binding"}],"runtime":"Spark","id":"pipeline1"}],"doc_type":"pipeline","id":"20da6672-7bbe-4b80-9711-f5ff93173d5c","app_data":{"replace_space_by_dot":true,"shaperCreated":true},"version":"1.0"},"_entity_only":true}}}
