{"metadata":{"asset_id":"d0138e55-bad3-4840-9096-aa5ba006fb11","asset_attributes":["data_asset"],"name":"bank.csv","asset_type":"data_asset","created_at":"2021-12-10T05:23:25Z","description":"","origin_country":"us","owner_id":"IBMid-663002VU89","project_id":"6633eaf2-10f3-4557-ae14-28bda470261c","size":918960,"tags":[],"usage":{"last_update_time":1639113807329,"last_updated_at":"2021-12-10T05:23:27Z"}},"entity":{"data_asset":{"mime_type":"text/csv","dataset":false}},"attachments":[{"id":"3b2ba397-920b-45f9-b481-e124308a8e9c","version":2,"asset_type":"data_asset","name":"bank.csv","mime":"text/csv","datasource_type":"193a97c1-4475-4a19-b90c-295c4fdc6517","object_key":"bank.csv","creator_id":"IBMid-663002VU89","create_time":1639113807329,"size":918960,"is_remote":false,"is_managed":false,"is_referenced":true,"is_object_key_read_only":true,"is_user_provided_path_key":true,"transfer_complete":true,"is_partitioned":false,"complete_time_ticks":1639113807329,"user_data":{},"test_doc":0,"handle":{"bucket":"assignment3classificationoftermde-donotdelete-pr-zjpbkay2ezdagm","location":"us-geo","key":"bank.csv","upload_id":"done","max_part_num":1},"usage":{"access_count":0,"last_accessor_id":"IBMid-663002VU89","last_access_time":1639113807329}}]}
